{"cameraMode":{"drawMode":0,"name":"Shaded","section":"Shading Mode"},"sceneLighting":false,"audioPlay":false,"sceneViewState":{"showFog":true,"showMaterialUpdate":false,"showSkybox":false,"showFlares":true,"showImageEffects":true,"showParticleSystems":true},"in2DMode":false,"pivot":{"x":6.031832218170166,"y":5.797412395477295,"z":-1.5226000547409058},"rotation":{"x":0.3984866738319397,"y":0.33852195739746096,"z":-0.16115254163742066,"w":0.8370544910430908},"size":6.17373514175415,"orthographic":false}