{"cameraMode":{"drawMode":0,"name":"Shaded","section":"Shading Mode"},"sceneLighting":false,"audioPlay":false,"sceneViewState":{"showFog":true,"showMaterialUpdate":false,"showSkybox":true,"showFlares":true,"showImageEffects":true,"showParticleSystems":true},"in2DMode":false,"pivot":{"x":12.834559440612793,"y":-10.524988174438477,"z":1.7276077270507813},"rotation":{"x":0.2716026306152344,"y":0.6434558629989624,"z":-0.2624722421169281,"w":0.6658273935317993},"size":32.468441009521487,"orthographic":false}